completed_steps,training_loss,validation_loss,lr,memory_gib,tokens_per_second
1,2.0718414783477783,,1.9000000000000002e-06,,1266.764127477848
2,2.041454315185547,,2.8000000000000003e-06,,21134.367988103
3,2.050429582595825,,3.7e-06,,39534.22221929404
4,1.955241322517395,,4.6e-06,,47778.21244343201
5,2.022864818572998,,5.5e-06,,46726.384298973666
6,1.955984115600586,,6.4e-06,,9592.011509546464
7,1.9841358661651611,,7.2999999999999996e-06,,17887.19872022567
8,2.025883436203003,,8.200000000000001e-06,,42223.98423056594
9,1.9102489948272705,,9.100000000000001e-06,,48636.007562390674
10,1.922637939453125,,1e-05,,49475.68277907125
11,2.062932014465332,,9.999999777489104e-06,,50240.05238688364
12,1.9724164009094238,,9.999999109956437e-06,,44534.112565231546
13,2.002392053604126,,9.999997997402064e-06,,46884.892259138884
14,1.9630759954452515,,9.999996439826098e-06,,11040.047513573305
15,2.063678503036499,,9.99999443722869e-06,,23475.792297002085
16,1.9598348140716553,,9.999991989610037e-06,,50808.19011855083
17,2.08335280418396,,9.999989096970387e-06,,50706.69604504088
18,1.9995282888412476,,9.999985759310019e-06,,50601.96017900477
19,1.91758131980896,,9.999981976629268e-06,,50886.68023489491
20,1.959802508354187,,9.999977748928507e-06,,49596.50969809279
21,2.0088677406311035,,9.999973076208153e-06,,30397.773402829458
22,2.0698251724243164,,9.999967958468668e-06,,12299.105287939243
23,2.0009963512420654,,9.99996239571056e-06,,23194.679962966657
24,2.0129072666168213,,9.999956387934377e-06,,50090.875027043956
25,1.9324918985366821,2.0403168201446533,9.999949935140714e-06,,47684.62569262221
26,1.9079499244689941,,9.999943037330209e-06,,22795.551981596258
27,2.0108463764190674,,9.999935694503545e-06,,51067.17816263918
28,1.9829033613204956,,9.999927906661447e-06,,48616.62051824544
29,2.063676357269287,,9.999919673804685e-06,,25894.2690842716
30,2.0188469886779785,,9.999910995934075e-06,,22112.757769056792
31,1.9398295879364014,,9.999901873050474e-06,,34877.49914717968
32,1.9461392164230347,,9.999892305154784e-06,,49291.52137927695
33,2.084259271621704,,9.99988229224795e-06,,49966.43846681339
34,2.0410032272338867,,9.999871834330964e-06,,49407.11052353468
35,2.0621862411499023,,9.999860931404862e-06,,49938.662186301466
36,1.9379932880401611,,9.999849583470719e-06,,50961.32956001997
37,1.995818853378296,,9.999837790529658e-06,,28240.08034724915
38,2.0259969234466553,,9.999825552582845e-06,,22541.975332704245
39,1.9867137670516968,,9.999812869631491e-06,,34437.41820317628
40,2.039665699005127,,9.99979974167685e-06,,49835.266674816856
41,1.908631682395935,,9.99978616872022e-06,,50994.70063129662
42,2.0357937812805176,,9.999772150762946e-06,,49859.85539316741
43,2.0544044971466064,,9.999757687806409e-06,,47292.55260075341
44,1.9648650884628296,,9.999742779852044e-06,,51116.16027103267
45,1.9881411790847778,,9.999727426901323e-06,,24065.01520899627
46,1.8882611989974976,,9.999711628955764e-06,,19852.40454247358
47,1.9660530090332031,,9.99969538601693e-06,,33344.33892593811
48,2.035038471221924,,9.99967869808643e-06,,50948.30268911747
49,1.9396004676818848,,9.999661565165909e-06,,50644.79533024199
50,2.0143532752990723,2.0380616188049316,9.999643987257066e-06,,50526.51399669419
51,1.996678352355957,,9.999625964361635e-06,,26380.631158008942
52,2.0209052562713623,,9.999607496481404e-06,,48346.23154285237
53,1.9584254026412964,,9.999588583618195e-06,,24432.63742601698
54,1.967527985572815,,9.99956922577388e-06,,22403.254978091947
55,1.857061505317688,,9.999549422950371e-06,,22266.358400134068
56,2.011538028717041,,9.99952917514963e-06,,49020.259365304846
57,1.9803454875946045,,9.999508482373656e-06,,50616.04113261516
58,1.8951531648635864,,9.999487344624498e-06,,51257.88891823404
59,2.015714645385742,,9.999465761904246e-06,,50985.20546256198
60,1.9033639430999756,,9.999443734215034e-06,,50498.38008304033
61,1.9562063217163086,,9.99942126155904e-06,,24421.748084690345
62,2.0789883136749268,,9.999398343938485e-06,,21095.87988395762
63,1.9788405895233154,,9.999374981355639e-06,,31567.61830102716
64,1.9817771911621094,,9.99935117381281e-06,,51014.28891912596
65,1.9365408420562744,,9.999326921312353e-06,,50842.7345771717
66,1.9655500650405884,,9.999302223856666e-06,,50441.18399083146
67,1.929725170135498,,9.999277081448193e-06,,49706.52131640097
68,1.9415606260299683,,9.999251494089416e-06,,50143.83585889634
69,2.050668716430664,,9.999225461782872e-06,,23123.689804369656
70,2.0136613845825195,,9.99919898453113e-06,,20430.55560333869
71,2.011021614074707,,9.999172062336811e-06,,30387.2699180416
72,1.964734435081482,,9.999144695202577e-06,,50622.59617729569
73,1.9987813234329224,,9.999116883131134e-06,,50563.41691298688
74,1.9755945205688477,,9.999088626125233e-06,,50071.89284824026
75,1.9118554592132568,2.0376715660095215,9.999059924187669e-06,,46831.887099622225
76,1.929053544998169,,9.999030777321278e-06,,24955.838398123535
77,2.0067763328552246,,9.999001185528945e-06,,25415.644859297005
78,1.940814733505249,,9.998971148813597e-06,,23722.96520179741
79,1.892333745956421,,9.9989406671782e-06,,31603.11017412425
80,1.978524923324585,,9.998909740625773e-06,,43751.011822091554
81,2.0893707275390625,,9.998878369159373e-06,,51133.24147965609
82,1.9670484066009521,,9.998846552782103e-06,,51019.07647167053
83,1.9473613500595093,,9.998814291497107e-06,,51118.969543375446
84,1.9410560131072998,,9.998781585307577e-06,,43783.1649935827
85,1.8958954811096191,,9.998748434216749e-06,,28885.29018246538
86,2.0284252166748047,,9.9987148382279e-06,,21092.24261173288
87,1.9388562440872192,,9.998680797344353e-06,,31216.526014896837
88,2.1010866165161133,,9.998646311569472e-06,,44450.10705799198
89,1.9133579730987549,,9.998611380906672e-06,,48789.8232489529
90,1.9307321310043335,,9.998576005359403e-06,,51009.092812257804
91,2.000471353530884,,9.998540184931165e-06,,50072.679534956194
92,1.9975100755691528,,9.998503919625501e-06,,37329.83258539508
93,1.9829390048980713,,9.998467209445997e-06,,24288.633138761787
94,2.0423107147216797,,9.998430054396284e-06,,20246.848566702643
95,1.9749436378479004,,9.998392454480036e-06,,31048.370139074006
96,1.9004281759262085,,9.99835440970097e-06,,49690.97009878397
97,1.9880008697509766,,9.99831592006285e-06,,49092.89839985308
98,1.8974236249923706,,9.998276985569482e-06,,50726.83790777412
99,1.8363171815872192,,9.998237606224718e-06,,51028.841134587645
100,1.8935387134552002,2.037043571472168,9.998197782032449e-06,,32779.44813962184
101,1.9533979892730713,,9.998157512996615e-06,,1784.95576761853
102,1.9548574686050415,,9.998116799121198e-06,,30275.548710131305
103,1.9744046926498413,,9.998075640410225e-06,,47046.418256625235
104,1.9110562801361084,,9.998034036867768e-06,,48692.12855937249
105,1.954059362411499,,9.997991988497938e-06,,47425.825603407415
106,1.8763148784637451,,9.997949495304896e-06,,48431.32931982649
107,2.1046056747436523,,9.997906557292842e-06,,49183.26334034943
108,1.9500627517700195,,9.997863174466022e-06,,49229.42795903702
109,1.916585087776184,,9.997819346828731e-06,,20314.664138039487
110,1.929205298423767,,9.997775074385298e-06,,22534.898361453652
111,1.9821280241012573,,9.997730357140103e-06,,22293.683144691702
112,1.9358257055282593,,9.99768519509757e-06,,32980.87544711658
113,1.8451999425888062,,9.997639588262162e-06,,36802.70289828631
114,1.9621543884277344,,9.997593536638391e-06,,25392.28324772639
115,1.7876925468444824,,9.997547040230813e-06,,50315.852395198286
116,1.8297408819198608,,9.997500099044024e-06,,40867.118834477355
117,1.933931589126587,,9.997452713082665e-06,,40202.46023072483
118,1.8690356016159058,,9.997404882351425e-06,,28703.47894616318
119,2.038208246231079,,9.997356606855032e-06,,19506.362503338998
120,1.8459419012069702,,9.997307886598262e-06,,32634.549243704085
121,1.7981325387954712,,9.997258721585933e-06,,36467.13571752158
122,1.972651481628418,,9.997209111822904e-06,,26214.52448667514
123,1.9211256504058838,,9.997159057314086e-06,,36904.95219599318
124,1.8759710788726807,,9.997108558064423e-06,,49632.53056759936
125,1.90788996219635,2.037078380584717,9.997057614078916e-06,,48299.680234101535
126,1.973644733428955,,9.997006225362596e-06,,24677.16818930451
127,1.9449706077575684,,9.996954391920552e-06,,22314.453226098263
128,1.880494236946106,,9.996902113757905e-06,,22038.620086626823
129,1.8774527311325073,,9.996849390879826e-06,,37519.40452402454
130,1.9653146266937256,,9.99679622329153e-06,,42660.77441179928
131,1.9449405670166016,,9.996742610998275e-06,,26366.18362839511
132,1.990976095199585,,9.996688554005363e-06,,36684.45512766279
133,1.8832781314849854,,9.996634052318138e-06,,47599.79134219118
134,1.909176230430603,,9.996579105941993e-06,,50267.50101975548
135,1.918687343597412,,9.996523714882358e-06,,37233.500486144716
136,1.9003841876983643,,9.996467879144715e-06,,22710.9267152889
137,1.8383857011795044,,9.996411598734581e-06,,24481.60961637218
138,1.8896547555923462,,9.996354873657526e-06,,33344.80283415307
139,1.8917152881622314,,9.996297703919158e-06,,37324.62033123289
140,1.863936185836792,,9.996240089525132e-06,,33472.58138756952
141,1.893312692642212,,9.996182030481141e-06,,42542.82990091447
142,1.8645237684249878,,9.996123526792935e-06,,50168.19894399052
143,1.9656648635864258,,9.996064578466292e-06,,47627.364192990586
144,1.9139974117279053,,9.996005185507045e-06,,29647.48812560661
145,1.8964201211929321,,9.995945347921068e-06,,19354.921642858888
146,1.9273884296417236,,9.995885065714277e-06,,26383.475373259116
147,1.843116044998169,,9.995824338892635e-06,,42216.575675219836
148,1.9656577110290527,,9.995763167462146e-06,,41893.302341464594
149,1.9041253328323364,,9.99570155142886e-06,,24731.792132497998
150,1.8604024648666382,2.036806106567383,9.99563949079887e-06,,40758.82797678987
151,1.9346671104431152,,9.995576985578315e-06,,26768.463743712335
152,1.8130818605422974,,9.995514035773377e-06,,50122.25868035526
153,1.9923961162567139,,9.995450641390277e-06,,15545.34052421871
154,1.947105884552002,,9.99538680243529e-06,,26759.00790803995
155,1.8503955602645874,,9.995322518914726e-06,,29662.12431660498
156,1.9094767570495605,,9.99525779083494e-06,,36470.449274387174
157,1.9402111768722534,,9.995192618202336e-06,,26934.53311328708
158,1.97853422164917,,9.995127001023362e-06,,42634.38062988667
159,1.882042646408081,,9.9950609393045e-06,,50460.74875140713
160,1.8081107139587402,,9.994994433052291e-06,,50155.52865180334
161,1.935664176940918,,9.994927482273306e-06,,43354.19368453368
162,1.9725325107574463,,9.99486008697417e-06,,19726.133565980155
163,1.958553433418274,,9.994792247161545e-06,,29646.43419414583
164,1.8163654804229736,,9.994723962842142e-06,,26709.587025502602
165,1.9924638271331787,,9.994655234022713e-06,,36283.73924758519
166,1.9172669649124146,,9.994586060710052e-06,,27018.37996119612
167,1.9048914909362793,,9.994516442911007e-06,,49555.556713948106
168,1.9279124736785889,,9.994446380632457e-06,,49984.38357662017
169,1.9092023372650146,,9.99437587388133e-06,,42464.822711531044
170,1.8954594135284424,,9.994304922664603e-06,,29885.972456207426
171,1.9475489854812622,,9.99423352698929e-06,,22850.59034762645
172,1.8831346035003662,,9.994161686862452e-06,,29460.673703123288
173,1.8961344957351685,,9.994089402291195e-06,,32973.787711313074
174,1.9661792516708374,,9.994016673282664e-06,,38581.88808753627
175,1.7870146036148071,2.036325693130493,9.993943499844054e-06,,27131.13964416649
176,1.9799073934555054,,9.993869881982604e-06,,26462.32895235724
177,1.88108229637146,,9.993795819705588e-06,,48363.44310390023
178,1.9410326480865479,,9.993721313020332e-06,,48942.57833029481
179,1.9266457557678223,,9.99364636193421e-06,,19816.986602926438
180,1.8342183828353882,,9.993570966454627e-06,,27062.189133652446
181,1.977899432182312,,9.993495126589043e-06,,29491.765824607046
182,1.8320162296295166,,9.993418842344958e-06,,39178.600600211146
183,1.8959845304489136,,9.993342113729916e-06,,29872.364762955393
184,1.836537480354309,,9.993264940751503e-06,,33129.54562124531
185,1.7520151138305664,,9.993187323417351e-06,,49732.06191248127
186,1.9553828239440918,,9.99310926173514e-06,,50136.25048163084
187,1.836732029914856,,9.993030755712585e-06,,42630.47082755221
188,1.8473187685012817,,9.99295180535745e-06,,18418.731722072138
189,1.902225375175476,,9.992872410677547e-06,,24534.75145511791
190,1.8742539882659912,,9.992792571680725e-06,,28546.883032247057
191,1.8405215740203857,,9.992712288374879e-06,,36585.27428133022
192,1.8878287076950073,,9.992631560767947e-06,,36720.69379549798
193,1.8476812839508057,,9.992550388867918e-06,,33482.505015263894
194,1.8715379238128662,,9.992468772682813e-06,,48445.49712510382
195,1.8059309720993042,,9.992386712220707e-06,,39724.28829694667
196,1.8870567083358765,,9.992304207489714e-06,,42139.28792294438
197,1.927896499633789,,9.992221258497996e-06,,16501.508465033476
198,1.903466820716858,,9.992137865253752e-06,,22723.868092099823
199,1.874089002609253,,9.992054027765231e-06,,28713.389057455628
200,1.8792688846588135,2.036835193634033,9.991969746040725e-06,,32804.14523814997
